,LSOA code (2021),LSOA name (2021),Local Authority District code (2024),Local Authority District name (2024),Index of Multiple Deprivation (IMD) Score,Index of Multiple Deprivation (IMD) Rank (where 1 is most deprived),Index of Multiple Deprivation (IMD) Decile (where 1 is most deprived 10% of LSOAs),Income Score (rate),Income Rank (where 1 is most deprived),Income Decile (where 1 is most deprived 10% of LSOAs),Employment Score (rate),Employment Rank (where 1 is most deprived),Employment Decile (where 1 is most deprived 10% of LSOAs),"Education, Skills and Training Score","Education, Skills and Training Rank (where 1 is most deprived)","Education, Skills and Training Decile (where 1 is most deprived 10% of LSOAs)",Health Deprivation and Disability Score,Health Deprivation and Disability Rank (where 1 is most deprived),Health Deprivation and Disability Decile (where 1 is most deprived 10% of LSOAs),Crime Score,Crime Rank (where 1 is most deprived),Crime Decile (where 1 is most deprived 10% of LSOAs),Barriers to Housing and Services Score,Barriers to Housing and Services Rank (where 1 is most deprived),Barriers to Housing and Services Decile (where 1 is most deprived 10% of LSOAs),Living Environment Score,Living Environment Rank (where 1 is most deprived),Living Environment Decile (where 1 is most deprived 10% of LSOAs),Income Deprivation Affecting Children Index (IDACI) Score (rate),Income Deprivation Affecting Children Index (IDACI) Rank (where 1 is most deprived),Income Deprivation Affecting Children Index (IDACI) Decile (where 1 is most deprived 10% of LSOAs),Income Deprivation Affecting Older People (IDAOPI) Score (rate),Income Deprivation Affecting Older People (IDAOPI) Rank (where 1 is most deprived),Income Deprivation Affecting Older People (IDAOPI) Decile (where 1 is most deprived 10% of LSOAs),Children and Young People Sub-domain Score,Children and Young People Sub-domain Rank (where 1 is most deprived),Children and Young People Sub-domain Decile (where 1 is most deprived 10% of LSO,Adult Skills Sub-domain Score,Adult Skills Sub-domain Rank (where 1 is most deprived),Adult Skills Sub-domain Decile (where 1 is most deprived 10% of LSOAs),Geographical Barriers Sub-domain Score,Geographical Barriers Sub-domain Rank (where 1 is most deprived),Geographical Barriers Sub-domain Decile (where 1 is most deprived 10% of LSOAs),Wider Barriers Sub-domain Score,Wider Barriers Sub-domain Rank (where 1 is most deprived),Wider Barriers Sub-domain Decile (where 1 is most deprived 10% of LSOAs),Indoors Sub-domain Score,Indoors Sub-domain Rank (where 1 is most deprived),Indoors Sub-domain Decile (where 1 is most deprived 10% of LSOAs),Outdoors Sub-domain Score,Outdoors Sub-domain Rank (where 1 is most deprived),Outdoors Sub-domain Decile (where 1 is most deprived 10% of LSOAs),Total population: mid 2022,Dependent Children aged 0-15: mid 2022,Older population aged 60 and over: mid 2022,Working age population 18-66 (for use with Employment Deprivation Domain): mid 2022
3995,E01004198,Tower Hamlets 002B,E09000030,Tower Hamlets,45.952,3183,1,0.49,2736,1,0.254,3521,2,25.669,11023,4,1.032,4364,2,1.031,3853,2,39.225,2343,1,34.347,7176,3,0.609,4455,2,0.752,292,1,-0.076,17559,6,0.328,6530,2,4.407,33563,10,6.439,694,1,-0.206,20117,6,2.033,331,1,1521,271,228,1072
3996,E01004199,Tower Hamlets 002C,E09000030,Tower Hamlets,44.165,3553,2,0.541,1739,1,0.222,5208,2,27.729,10004,3,0.812,6339,2,0.805,5846,2,37.962,2774,1,34.365,7166,3,0.802,869,1,0.757,282,1,-0.272,20534,7,0.358,4560,2,4.085,33584,10,6.272,825,1,-0.317,22501,7,2.218,155,1,1775,361,204,1267
3997,E01004200,Tower Hamlets 005A,E09000030,Tower Hamlets,22.522,12777,4,0.255,12002,4,0.094,19975,6,4.046,29356,9,0.585,8697,3,0.373,11276,4,28.353,7836,3,45.454,3236,1,0.573,5523,2,0.983,12,1,-0.757,27167,9,0.135,29353,9,3.695,33619,10,4.775,2476,1,0.437,8396,3,1.792,666,1,1524,173,74,1295
3998,E01004201,Tower Hamlets 002D,E09000030,Tower Hamlets,25.579,10737,4,0.357,6918,3,0.135,13211,4,9.806,22876,7,0.179,13813,5,0.253,13009,4,32.414,5162,2,33.559,7561,3,0.607,4523,2,0.425,4084,2,-0.616,25501,8,0.21,18775,6,7.507,33128,10,5.42,1638,1,-0.153,18983,6,1.864,547,1,1673,277,255,1243
3999,E01004202,Tower Hamlets 005B,E09000030,Tower Hamlets,24.885,11187,4,0.324,8396,3,0.123,14876,5,11.999,20787,7,-0.077,17558,6,0.603,8198,3,31.697,5590,2,37.415,5918,2,0.599,4768,2,0.487,2686,1,-0.14,18536,6,0.192,21267,7,4.61,33540,10,5.328,1745,1,0.053,14683,5,1.848,572,1,2115,381,144,1624
4000,E01004203,Tower Hamlets 005C,E09000030,Tower Hamlets,30.953,7827,3,0.383,5945,2,0.136,13045,4,13.944,19015,6,0.375,11223,4,1.166,2880,1,29.497,6925,3,40.939,4607,2,0.774,1134,1,0.584,1298,1,-0.517,24199,8,0.25,13676,5,3.082,33682,10,4.974,2195,1,0.023,15259,5,2.269,116,1,1791,250,166,1407
4001,E01004204,Tower Hamlets 005D,E09000030,Tower Hamlets,37.469,5300,2,0.472,3206,1,0.191,7379,3,18.864,15177,5,0.728,7154,3,0.473,9908,3,32.576,5066,2,44.911,3388,2,0.761,1323,1,0.636,830,1,-0.389,22367,7,0.292,9501,3,3.661,33625,10,5.47,1579,1,0.233,11484,4,2.219,154,1,1876,319,275,1336
4002,E01004205,Tower Hamlets 013A,E09000030,Tower Hamlets,47.599,2820,1,0.605,836,1,0.232,4674,2,22.416,12797,4,0.763,6815,3,0.761,6330,2,41.219,1786,1,38.05,5657,2,0.889,314,1,0.916,70,1,-0.97,29297,9,0.349,5158,2,3.458,33644,10,6.768,511,1,-0.073,17271,6,2.179,198,1,2279,505,219,1627
4003,E01004206,Tower Hamlets 013B,E09000030,Tower Hamlets,52.061,2022,1,0.61,795,1,0.255,3463,2,34.258,7326,3,0.966,4913,2,0.864,5283,2,36.583,3255,1,45.085,3344,1,0.86,451,1,0.858,115,1,-0.719,26719,8,0.42,1748,1,3.511,33639,10,6.082,984,1,0.335,9923,3,1.999,364,1,1461,313,160,1051
4004,E01004207,Tower Hamlets 011A,E09000030,Tower Hamlets,43.476,3709,2,0.536,1808,1,0.199,6787,3,18.824,15201,5,0.892,5532,2,0.933,4664,2,36.062,3456,2,45.598,3203,1,0.976,108,1,0.675,585,1,-0.181,19163,6,0.274,11166,4,4.211,33574,10,5.996,1053,1,0.227,11576,4,2.31,88,1,1480,274,173,1090
4005,E01004208,Tower Hamlets 013C,E09000030,Tower Hamlets,30.764,7919,3,0.326,8301,3,0.109,17105,6,5.775,27318,9,0.326,11862,4,1.587,994,1,36.233,3380,2,46.817,2923,1,0.874,381,1,0.674,589,1,-1.118,30445,10,0.184,22475,7,3.228,33665,10,6.028,1027,1,0.24,11354,4,2.513,22,1,2093,251,102,1784
4006,E01004209,Tower Hamlets 011B,E09000030,Tower Hamlets,48.711,2588,1,0.599,893,1,0.225,5026,2,25.547,11083,4,0.853,5944,2,0.714,6854,3,38.226,2672,1,49.823,2274,1,0.844,548,1,0.869,103,1,-1.465,32320,10,0.379,3430,2,3.451,33647,10,6.309,794,1,0.413,8736,3,2.301,97,1,1396,344,113,943
4007,E01004211,Tower Hamlets 013D,E09000030,Tower Hamlets,34.692,6290,2,0.34,7633,3,0.137,12928,4,9.189,23524,7,0.319,11951,4,1.358,1815,1,36.934,3135,1,63.516,603,1,0.741,1616,1,0.877,96,1,-0.447,23215,7,0.189,21793,7,2.914,33692,10,6.135,939,1,0.824,3795,2,2.666,8,1,1617,222,123,1320
4008,E01004212,Tower Hamlets 011D,E09000030,Tower Hamlets,30.507,8034,3,0.421,4639,2,0.119,15336,5,12.824,20031,6,0.221,13221,4,1.21,2605,1,31.973,5421,2,34.641,7045,3,0.963,129,1,0.641,791,1,-0.682,26315,8,0.248,13889,5,3.669,33623,10,5.375,1688,1,-0.282,21749,7,2.195,178,1,2387,384,126,1898
4009,E01004214,Tower Hamlets 030A,E09000030,Tower Hamlets,52.684,1919,1,0.73,129,1,0.257,3378,2,31.042,8515,3,0.853,5940,2,0.23,13352,4,46.035,809,1,21.057,14556,5,0.994,50,1,0.754,287,1,0.061,15530,5,0.359,4483,2,12.088,32093,10,7.535,215,1,-0.207,20145,6,0.801,4842,2,1655,359,238,1109
4010,E01004216,Tower Hamlets 030B,E09000030,Tower Hamlets,21.109,13837,5,0.317,8689,3,0.116,15819,5,10.815,21916,7,0.195,13618,5,-0.334,21581,7,34.848,3956,2,13.084,20790,7,0.554,6122,2,0.498,2514,1,-0.199,19441,6,0.184,22525,7,13.421,31739,10,5.716,1314,1,-0.587,27871,9,0.534,7536,3,1857,336,201,1360
4011,E01004217,Tower Hamlets 030C,E09000030,Tower Hamlets,26.389,10251,4,0.293,9914,3,0.137,12878,4,16.129,17214,6,0.127,14542,5,0.921,4781,2,37.13,3064,1,21.615,14161,5,0.427,10842,4,0.418,4257,2,-0.191,19317,6,0.246,14117,5,11.91,32149,10,6.086,980,1,-0.43,24883,8,1.151,2564,1,2219,407,356,1538
4012,E01004218,Tower Hamlets 030D,E09000030,Tower Hamlets,16.025,18216,6,0.232,13397,4,0.099,18985,6,6.022,27061,9,-0.716,26557,8,-0.43,22934,7,37.046,3106,1,16.663,17790,6,0.46,9540,3,0.17,15224,5,-0.672,26202,8,0.164,25558,8,13.069,31819,10,6.057,1005,1,-0.416,24576,8,0.687,5897,2,1958,314,265,1463
4013,E01004219,Tower Hamlets 035B,E09000030,Tower Hamlets,29.952,8309,3,0.445,3893,2,0.123,14834,5,14.949,18195,6,0.225,13171,4,0.805,5845,2,25.999,9870,3,41.394,4450,2,0.771,1185,1,0.556,1643,1,-0.221,19763,6,0.236,15334,5,8.824,32864,10,4.317,3220,1,-0.011,15958,5,2.468,30,1,2846,630,144,2069
4014,E01004221,Tower Hamlets 036A,E09000030,Tower Hamlets,29.445,8544,3,0.362,6734,2,0.126,14334,5,14.169,18824,6,0.6,8524,3,0.381,11178,4,42.984,1395,1,28.503,10095,3,0.631,3881,2,0.439,3732,2,-0.095,17857,6,0.214,18201,6,10.209,32572,10,6.986,402,1,-0.323,22624,7,1.668,936,1,1943,363,199,1421
4015,E01004222,Tower Hamlets 001A,E09000030,Tower Hamlets,37.465,5303,2,0.47,3239,1,0.233,4614,2,27.436,10156,4,0.66,7861,3,0.735,6604,2,24.529,11405,4,27.031,10922,4,0.683,2675,1,0.595,1173,1,0.044,15787,5,0.333,6190,2,8.593,32905,10,4.017,3714,2,-0.234,20712,7,1.397,1645,1,2789,508,462,1926
4016,E01004223,Tower Hamlets 001B,E09000030,Tower Hamlets,35.266,6074,2,0.451,3738,2,0.219,5409,2,19.206,14942,5,0.635,8142,3,0.662,7467,3,25.565,10322,4,31.665,8481,3,0.641,3635,2,0.5,2481,1,-0.141,18556,6,0.274,11146,4,10.277,32550,10,4.201,3397,2,-0.171,19368,6,1.724,801,1,2118,422,395,1400
4017,E01004226,Tower Hamlets 001D,E09000030,Tower Hamlets,31.751,7482,3,0.439,4108,2,0.162,10046,3,19.922,14433,5,0.665,7810,3,0.788,6013,2,24.584,11340,4,26.975,10958,4,0.7,2346,1,0.596,1160,1,0.21,13396,4,0.243,14507,5,7.684,33092,10,4.044,3671,2,-0.171,19369,6,1.29,2010,1,2456,520,181,1787
4018,E01004228,Tower Hamlets 003A,E09000030,Tower Hamlets,19.842,14838,5,0.231,13474,4,0.111,16667,5,7.141,25777,8,0.25,12821,4,0.251,13036,4,22.324,14018,5,40.317,4814,2,0.387,12548,4,0.336,6749,2,-0.546,24607,8,0.17,24650,8,7.37,33161,10,3.593,4554,2,0.319,10167,4,1.602,1081,1,2059,286,326,1520
4019,E01004229,Tower Hamlets 004C,E09000030,Tower Hamlets,26.778,10007,3,0.369,6466,2,0.158,10427,4,14.886,18243,6,0.247,12868,4,0.383,11138,4,24.645,11273,4,33.918,7389,3,0.662,3116,1,0.504,2412,1,-0.516,24184,8,0.26,12573,4,7.707,33087,10,4.053,3650,2,-0.195,19891,6,1.96,402,1,1474,246,153,1122
4020,E01004230,Tower Hamlets 003B,E09000030,Tower Hamlets,27.27,9721,3,0.366,6583,2,0.147,11712,4,13.411,19500,6,0.151,14206,5,0.397,10950,4,25.653,10212,4,44.252,3592,2,0.682,2695,1,0.413,4346,2,-0.403,22603,7,0.235,15370,5,6.88,33255,10,4.276,3288,1,0.367,9417,3,1.844,580,1,2296,372,337,1653
4021,E01004231,Tower Hamlets 004D,E09000030,Tower Hamlets,38.278,5070,2,0.465,3347,1,0.192,7241,3,21.163,13578,5,1.017,4485,2,1.074,3485,2,28.295,7885,3,30.313,9111,3,0.732,1758,1,0.746,310,1,-0.563,24821,8,0.323,6909,3,7.165,33204,10,4.737,2527,1,-0.478,25855,8,2.026,339,1,1611,292,159,1190
4022,E01004232,Tower Hamlets 003C,E09000030,Tower Hamlets,20.741,14122,5,0.202,15530,5,0.103,18100,6,4.771,28505,9,-0.463,23218,7,0.95,4512,2,24.776,11127,4,50.497,2147,1,0.295,17045,6,0.277,9082,3,-0.763,27240,9,0.15,27460,9,5.819,33418,10,4.104,3564,2,0.426,8526,3,2.34,74,1,1849,345,230,1347
4023,E01004233,Tower Hamlets 003D,E09000030,Tower Hamlets,29.1,8733,3,0.442,3986,2,0.17,9196,3,20.759,13851,5,0.44,10408,4,0.022,16456,5,27.094,8858,3,17.223,17334,6,0.814,761,1,0.655,696,1,-0.338,21568,7,0.305,8297,3,8.055,33027,10,4.531,2871,1,-0.472,25755,8,0.804,4807,2,2258,347,302,1668
4024,E01004234,Tower Hamlets 003E,E09000030,Tower Hamlets,17.914,16434,5,0.178,17429,6,0.083,22344,7,3.996,29404,9,-0.71,26503,8,0.684,7223,3,25.136,10726,4,51.652,1941,1,0.29,17304,6,0.188,14033,5,-1.256,31326,10,0.164,25565,8,7.959,33043,10,4.151,3484,2,0.543,6973,3,2.137,238,1,2574,451,340,1907
4025,E01004235,Tower Hamlets 008A,E09000030,Tower Hamlets,50.465,2295,1,0.812,22,1,0.243,4072,2,28.059,9836,3,0.783,6624,2,0.26,12910,4,29.71,6772,3,38.533,5468,2,0.995,49,1,0.815,155,1,-0.69,26418,8,0.38,3354,1,7.681,33093,10,4.977,2192,1,-0.14,18669,6,2.387,58,1,1394,332,155,963
4026,E01004236,Tower Hamlets 008B,E09000030,Tower Hamlets,50.945,2199,1,0.705,193,1,0.249,3760,2,33.956,7427,3,0.95,5045,2,0.514,9327,3,29.285,7084,3,35.064,6879,3,0.994,59,1,0.799,179,1,-0.444,23162,7,0.409,2145,1,8.63,32898,10,4.907,2307,1,0.014,15440,5,1.712,830,1,1555,350,167,1084
4027,E01004237,Tower Hamlets 008C,E09000030,Tower Hamlets,38.261,5076,2,0.544,1688,1,0.184,7919,3,16.399,16998,6,0.694,7507,3,0.776,6159,2,31.332,5786,2,31.168,8710,3,0.791,962,1,0.532,1973,1,0.101,14956,5,0.217,17807,6,8.502,32926,10,5.222,1857,1,-0.389,24056,8,1.994,372,1,1602,404,128,1087
4028,E01004239,Tower Hamlets 008E,E09000030,Tower Hamlets,38.416,5020,2,0.432,4297,2,0.215,5647,2,35.988,6695,2,0.452,10263,4,0.4,10901,4,40.874,1880,1,29.817,9370,3,0.48,8774,3,0.573,1414,1,-0.487,23788,8,0.423,1670,1,8.478,32931,10,6.68,561,1,-0.376,23754,8,1.846,577,1,1783,428,246,1158
4029,E01004240,Tower Hamlets 012A,E09000030,Tower Hamlets,39.831,4624,2,0.542,1727,1,0.194,7076,3,29.205,9314,3,0.337,11705,4,0.393,11021,4,40.674,1942,1,29.021,9830,3,0.87,394,1,0.556,1644,1,-0.443,23155,7,0.378,3469,2,10.236,32562,10,6.635,590,1,-0.083,17490,6,1.333,1858,1,1756,359,225,1179
4030,E01004241,Tower Hamlets 012B,E09000030,Tower Hamlets,48.793,2576,1,0.643,482,1,0.247,3872,2,26.885,10396,4,0.97,4872,2,0.31,12162,4,41.645,1677,1,22.892,13287,4,0.822,698,1,0.681,559,1,-0.633,25733,8,0.37,3872,2,9.078,32824,10,6.788,499,1,-0.228,20574,7,0.996,3418,2,1750,431,211,1125
4031,E01004243,Tower Hamlets 020A,E09000030,Tower Hamlets,35.878,5839,2,0.473,3170,1,0.184,7980,3,26.492,10589,4,0.587,8664,3,0.163,14379,5,35.006,3889,2,33.979,7361,3,0.683,2689,1,0.673,593,1,-0.285,20732,7,0.35,5076,2,10.238,32561,10,5.778,1247,1,-0.069,17187,6,1.761,725,1,1694,447,117,1085
4032,E01004244,Tower Hamlets 020B,E09000030,Tower Hamlets,44.423,3483,2,0.513,2232,1,0.239,4310,2,24.99,11374,4,1.03,4386,2,0.929,4701,2,36.495,3287,1,31.459,8593,3,0.71,2162,1,0.784,210,1,-0.202,19497,6,0.332,6235,2,7.12,33216,10,6.046,1013,1,-0.142,18720,6,1.667,942,1,2056,345,276,1484
4033,E01004245,Tower Hamlets 018A,E09000030,Tower Hamlets,28.405,9098,3,0.44,4065,2,0.143,12089,4,16.148,17196,6,0.382,11132,4,0.347,11642,4,29.49,6932,3,21.383,14339,5,0.712,2124,1,0.749,303,1,-0.15,18689,6,0.242,14571,5,11.684,32204,10,4.899,2316,1,-0.607,28205,9,1.324,1890,1,3018,632,153,2236
4034,E01004247,Tower Hamlets 020C,E09000030,Tower Hamlets,43.751,3648,2,0.568,1329,1,0.209,6064,2,27.262,10238,4,0.839,6064,2,0.866,5258,2,35.74,3571,2,29.708,9430,3,0.811,785,1,0.638,810,1,-0.289,20793,7,0.356,4704,2,7.649,33101,10,5.905,1117,1,-0.295,22029,7,1.728,788,1,2695,649,238,1830
4035,E01004248,Tower Hamlets 018C,E09000030,Tower Hamlets,50.906,2206,1,0.644,471,1,0.24,4228,2,28.332,9701,3,1.389,2170,1,0.506,9445,3,35.399,3708,2,32.045,8284,3,0.797,908,1,0.977,18,1,-0.377,22234,7,0.369,3949,2,10.636,32464,10,5.832,1195,1,0.095,13890,5,1.278,2061,1,1876,520,117,1248
4036,E01004249,Tower Hamlets 018D,E09000030,Tower Hamlets,45.539,3256,1,0.584,1096,1,0.242,4127,2,31.901,8190,3,0.313,12027,4,0.638,7788,3,40.54,1976,1,32.262,8183,3,0.769,1208,1,0.619,964,1,-0.139,18510,6,0.379,3410,2,10.234,32564,10,6.615,602,1,0.118,13458,4,1.247,2163,1,2421,589,265,1645
4037,E01004251,Tower Hamlets 023A,E09000030,Tower Hamlets,35.438,6008,2,0.493,2678,1,0.162,10039,3,16.587,16844,5,0.37,11290,4,0.882,5131,2,37.424,2956,1,29.785,9392,3,0.715,2063,1,0.646,758,1,-0.702,26549,8,0.288,9800,3,7.434,33145,10,6.183,903,1,-0.201,20028,6,1.606,1070,1,2660,653,215,1843
4038,E01004255,Tower Hamlets 023C,E09000030,Tower Hamlets,40.668,4417,2,0.514,2211,1,0.201,6590,2,19.341,14836,5,0.852,5946,2,0.858,5334,2,35.447,3687,2,34.353,7172,3,0.831,634,1,0.86,114,1,-0.937,29001,9,0.323,6948,3,7.132,33212,10,5.874,1152,1,-0.324,22652,7,2.223,147,1,1667,317,163,1229
4039,E01004256,Tower Hamlets 024C,E09000030,Tower Hamlets,46.867,2972,1,0.586,1067,1,0.245,3981,2,27.422,10165,4,0.678,7672,3,0.249,13086,4,40.982,1862,1,42.193,4196,2,0.884,340,1,0.742,319,1,-0.556,24724,8,0.371,3840,2,7.924,33052,10,6.71,548,1,0.154,12818,4,2.128,248,1,1764,378,207,1232
4040,E01004257,Tower Hamlets 024D,E09000030,Tower Hamlets,47.337,2876,1,0.624,628,1,0.214,5697,2,32.022,8141,3,0.677,7692,3,0.656,7542,3,37.491,2931,1,38.143,5630,2,0.956,151,1,0.736,332,1,-0.395,22470,7,0.394,2711,1,8.06,33025,10,6.187,900,1,-0.03,16352,5,2.104,273,1,2290,547,176,1574
4041,E01004258,Tower Hamlets 023D,E09000030,Tower Hamlets,17.571,16769,5,0.234,13324,4,0.089,20921,7,6.548,26453,8,-0.261,20247,6,0.163,14385,5,29.037,7272,3,33.885,7410,3,0.494,8270,3,0.327,7062,3,-0.761,27198,9,0.177,23501,7,9.675,32697,10,4.841,2384,1,0.072,14340,5,1.492,1342,1,1490,177,231,1145
4042,E01004259,Tower Hamlets 007A,E09000030,Tower Hamlets,28.552,9011,3,0.35,7200,3,0.131,13638,5,7.255,25643,8,0.299,12206,4,0.579,8518,3,33.462,4585,2,49.07,2417,1,0.628,3956,2,0.377,5380,2,-0.68,26299,8,0.182,22830,7,3.981,33593,10,5.614,1431,1,0.58,6509,2,1.768,707,1,1737,269,163,1360
4043,E01004260,Tower Hamlets 007B,E09000030,Tower Hamlets,40.685,4413,2,0.521,2073,1,0.19,7464,3,23.977,11917,4,1.003,4603,2,0.923,4765,2,31.975,5418,2,30.007,9256,3,0.798,905,1,0.661,656,1,-0.269,20475,7,0.329,6509,2,5.38,33472,10,5.366,1697,1,-0.171,19376,6,1.582,1137,1,1792,373,163,1257
4044,E01004263,Tower Hamlets 007C,E09000030,Tower Hamlets,42.432,3959,2,0.55,1592,1,0.213,5803,2,29.776,9044,3,0.653,7944,3,0.812,5780,2,27.839,8257,3,41.057,4575,2,0.892,303,1,0.58,1338,1,-0.158,18799,6,0.366,4122,2,4.999,33512,10,4.683,2619,1,0.412,8741,3,1.45,1474,1,1404,267,212,964
4045,E01004264,Tower Hamlets 010C,E09000030,Tower Hamlets,47.298,2880,1,0.619,694,1,0.216,5595,2,38.254,5965,2,0.792,6527,2,0.777,6149,2,31.035,5958,2,36.283,6362,2,0.902,274,1,0.774,237,1,-0.533,24411,8,0.44,1249,1,5.266,33488,10,5.207,1878,1,0.209,11850,4,1.444,1496,1,1543,356,135,1046
4046,E01004266,Tower Hamlets 007D,E09000030,Tower Hamlets,29.541,8498,3,0.404,5182,2,0.151,11152,4,10.495,22220,7,0.449,10294,4,0.137,14744,5,33.274,4702,2,39.855,4985,2,0.863,430,1,0.453,3373,1,-0.772,27338,9,0.226,16460,5,5.584,33449,10,5.582,1470,1,0.278,10755,4,1.638,994,1,1419,209,219,1040
4047,E01004267,Tower Hamlets 012D,E09000030,Tower Hamlets,33.138,6878,3,0.408,5054,2,0.17,9216,3,19.813,14511,5,0.577,8782,3,0.856,5353,2,30.726,6160,2,34.117,7289,3,0.705,2238,1,0.762,266,1,0.238,13001,4,0.238,15093,5,8.48,32930,10,5.125,1981,1,-0.411,24487,8,2.361,68,1,2267,367,162,1778
4048,E01004268,Tower Hamlets 012E,E09000030,Tower Hamlets,37.753,5222,2,0.515,2205,1,0.194,7083,3,22.486,12755,4,0.816,6295,2,0.068,15789,5,32.849,4914,2,33.627,7533,3,0.861,447,1,0.775,234,1,-0.743,26972,8,0.342,5596,2,7.3,33176,10,5.491,1558,1,0.026,15208,5,1.562,1179,1,1781,306,185,1352
4049,E01004270,Tower Hamlets 014B,E09000030,Tower Hamlets,24.945,11150,4,0.304,9332,3,0.103,18104,6,8.855,23878,8,0.066,15469,5,0.742,6529,2,33.902,4369,2,42.128,4215,2,0.541,6562,2,0.548,1749,1,-0.869,28346,9,0.213,18368,6,7.185,33197,10,5.653,1382,1,0.112,13594,5,2.205,168,1,2472,396,157,1993
4050,E01004271,Tower Hamlets 014C,E09000030,Tower Hamlets,29.784,8384,3,0.469,3268,1,0.135,13225,4,12.989,19861,6,0.327,11848,4,0.303,12237,4,34.359,4185,2,26.928,10986,4,0.773,1154,1,0.698,481,1,-0.585,25125,8,0.244,14343,5,8.216,32985,10,5.709,1322,1,-0.583,27785,9,1.81,639,1,2461,578,147,1745
4051,E01004272,Tower Hamlets 014D,E09000030,Tower Hamlets,41.976,4069,2,0.575,1219,1,0.197,6883,3,23.659,12081,4,0.666,7797,3,0.682,7231,3,39.522,2262,1,25.386,11881,4,0.809,803,1,0.842,127,1,-0.616,25509,8,0.346,5318,2,8.203,32991,10,6.456,684,1,-0.267,21427,7,1.291,2009,1,2676,646,195,1858
4052,E01004274,Tower Hamlets 031A,E09000030,Tower Hamlets,31.206,7716,3,0.399,5349,2,0.195,7031,3,24.438,11675,4,0.582,8734,3,-0.051,17535,6,33.132,4761,2,17.614,17044,6,0.678,2778,1,0.669,621,1,0.351,11466,4,0.273,11288,4,14.426,31434,10,5.436,1616,1,-0.328,22717,7,0.658,6171,2,1948,375,227,1402
4053,E01004275,Tower Hamlets 031B,E09000030,Tower Hamlets,23.276,12258,4,0.359,6829,3,0.114,16131,5,16.178,17176,6,0.111,14755,5,-0.213,19897,6,30.685,6182,2,26.663,11154,4,0.539,6652,2,0.4,4707,2,-0.175,19064,6,0.245,14244,5,13.393,31748,10,5.061,2079,1,-0.086,17547,6,1.113,2771,1,2636,664,234,1755
4054,E01004276,Tower Hamlets 031C,E09000030,Tower Hamlets,6.238,29477,9,0.085,28167,9,0.033,33000,10,2.632,30998,10,-0.738,26812,8,-0.586,25084,8,24.05,11974,4,17.672,16998,6,0.12,29032,9,0.132,18440,6,-0.744,26986,8,0.064,33476,10,14.249,31501,10,3.832,4081,2,-0.953,32014,10,1.156,2542,1,2030,286,145,1671
4055,E01004277,Tower Hamlets 033A,E09000030,Tower Hamlets,8.39,26984,8,0.087,27787,9,0.057,28826,9,1.984,31741,10,-0.086,17675,6,-2.094,33658,10,24.944,10957,4,24.258,12524,4,0.131,28245,9,0.185,14196,5,-0.948,29099,9,0.086,32874,10,9.914,32639,10,4.081,3599,2,-0.459,25476,8,1.442,1500,1,1737,141,113,1522
4056,E01004280,Tower Hamlets 032A,E09000030,Tower Hamlets,27.709,9476,3,0.413,4907,2,0.154,10836,4,17.62,16064,5,0.221,13223,4,-0.112,18453,6,30.473,6315,2,28.501,10096,3,0.719,1999,1,0.62,955,1,0.023,16106,5,0.24,14829,5,11.838,32165,10,5.049,2093,1,-0.107,17983,6,1.326,1886,1,2017,378,200,1472
4057,E01004281,Tower Hamlets 031D,E09000030,Tower Hamlets,11.418,23276,7,0.175,17688,6,0.069,25870,8,2.279,31387,10,-0.569,24683,8,-0.709,26688,8,33.145,4753,2,13.623,20291,7,0.372,13211,4,0.38,5290,2,-1.339,31754,10,0.135,29352,9,13.909,31602,10,5.45,1603,1,-0.525,26754,8,0.523,7663,3,2007,300,109,1635
4058,E01004283,Tower Hamlets 016A,E09000030,Tower Hamlets,41.034,4333,2,0.535,1828,1,0.191,7363,3,22.539,12731,4,0.928,5228,2,0.486,9715,3,39.467,2282,1,30.963,8798,3,0.946,164,1,0.656,689,1,-0.686,26374,8,0.341,5702,2,5.285,33484,10,6.469,673,1,-0.127,18409,6,1.595,1103,1,2336,431,291,1674
4059,E01004286,Tower Hamlets 019C,E09000030,Tower Hamlets,38.909,4894,2,0.432,4299,2,0.223,5156,2,19.673,14592,5,0.458,10198,4,0.953,4494,2,37.938,2784,1,39.925,4958,2,0.508,7751,3,0.674,587,1,-0.624,25611,8,0.313,7672,3,6.577,33309,10,6.255,838,1,0.185,12251,4,1.827,619,1,2565,491,320,1786
4060,E01004287,Tower Hamlets 016B,E09000030,Tower Hamlets,42.945,3838,2,0.649,430,1,0.202,6566,2,22.79,12581,4,0.328,11837,4,0.137,14748,5,38.685,2532,1,29.31,9647,3,0.995,46,1,0.593,1200,1,-0.658,26016,8,0.341,5651,2,5.412,33467,10,6.362,752,1,0.092,13945,5,1.026,3245,1,2338,493,425,1478
4061,E01004288,Tower Hamlets 019D,E09000030,Tower Hamlets,44.119,3567,2,0.556,1492,1,0.212,5871,2,27.744,9998,3,0.591,8619,3,0.575,8564,3,46.096,797,1,30.466,9024,3,0.829,653,1,0.664,645,1,-0.648,25913,8,0.377,3534,2,6.865,33258,10,7.63,189,1,-0.199,19989,6,1.669,934,1,1796,402,218,1196
4062,E01004289,Tower Hamlets 016C,E09000030,Tower Hamlets,38.598,4969,2,0.454,3678,2,0.185,7887,3,20.23,14203,5,0.821,6235,2,0.544,8962,3,42.312,1530,1,38.614,5440,2,0.685,2637,1,0.628,884,1,-0.459,23375,7,0.308,8014,3,6.501,33320,10,6.916,433,1,0.327,10051,3,1.423,1558,1,1972,321,291,1402
4063,E01004290,Tower Hamlets 016D,E09000030,Tower Hamlets,31.305,7672,3,0.404,5186,2,0.154,10860,4,17.12,16437,5,0.672,7736,3,0.646,7669,3,30.549,6267,2,33.035,7816,3,0.735,1706,1,0.544,1805,1,-0.414,22750,7,0.276,10938,4,4.052,33588,10,5.13,1971,1,-0.494,26152,8,2.353,71,1,2061,363,217,1500
4064,E01004291,Tower Hamlets 027A,E09000030,Tower Hamlets,11.483,23180,7,0.163,18774,6,0.063,27406,9,4.007,29391,9,-0.43,22786,7,0.102,15278,5,16.763,21680,7,34.375,7158,3,0.424,10957,4,0.212,12524,4,-0.617,25521,8,0.114,31350,10,8.158,33002,10,2.221,7699,3,0.25,11187,4,1.174,2466,1,1906,197,240,1554
4065,E01004292,Tower Hamlets 026A,E09000030,Tower Hamlets,5.462,30381,10,0.089,27611,9,0.047,31084,10,1.363,32449,10,-0.449,23048,7,-0.473,23544,7,15.931,22904,7,14.526,19505,6,0.174,24956,8,0.209,12701,4,-1.12,30455,10,0.076,33178,10,7.49,33129,10,2.025,8276,3,-0.588,27891,9,0.674,6021,2,1677,208,167,1348
4066,E01004293,Tower Hamlets 027B,E09000030,Tower Hamlets,7.925,27562,9,0.119,23568,7,0.058,28664,9,1.083,32732,10,-0.897,28515,9,-0.237,20237,6,14.507,24879,8,32.102,8250,3,0.316,15933,5,0.175,14907,5,-1.338,31744,10,0.092,32627,10,6.98,33240,10,1.65,9393,3,-0.332,22811,7,2.002,361,1,2017,183,332,1621
4067,E01004295,Tower Hamlets 026C,E09000030,Tower Hamlets,39.106,4826,2,0.602,868,1,0.153,10980,4,21.833,13150,4,-0.004,16476,5,0.188,13981,5,42.923,1408,1,35.935,6506,2,0.861,443,1,0.623,932,1,-0.808,27733,9,0.34,5776,2,3.516,33637,10,7.036,380,1,-0.199,19993,6,2.193,181,1,2052,543,194,1326
4068,E01004296,Tower Hamlets 026D,E09000030,Tower Hamlets,26.423,10228,4,0.397,5435,2,0.149,11386,4,11.539,21236,7,0.258,12725,4,0.826,5638,2,20.33,16572,5,26.033,11520,4,0.793,945,1,0.591,1223,1,-0.282,20678,7,0.202,19860,6,6.616,33302,10,3.129,5475,2,-0.098,17789,6,1.072,2970,1,2458,374,252,1886
4069,E01004297,Tower Hamlets 027C,E09000030,Tower Hamlets,8.171,27253,9,0.113,24251,8,0.058,28615,9,1.732,32026,10,-0.705,26430,8,-0.672,26226,8,15.773,23122,7,35.898,6522,2,0.239,20391,7,0.145,17211,6,-1.35,31809,10,0.122,30750,10,9.228,32791,10,1.952,8487,3,0.264,10982,4,1.296,1989,1,1870,230,283,1483
4070,E01004298,Tower Hamlets 022A,E09000030,Tower Hamlets,50.194,2338,1,0.578,1178,1,0.269,2873,1,24.082,11864,4,1.042,4288,2,0.74,6562,2,41.649,1673,1,37.915,5710,2,0.74,1625,1,0.781,215,1,-0.658,26013,8,0.351,5004,2,4.751,33535,10,6.822,479,1,-0.151,18941,6,2.311,87,1,1656,367,240,1110
4071,E01004300,Tower Hamlets 022B,E09000030,Tower Hamlets,48.277,2678,1,0.591,991,1,0.24,4231,2,24.08,11866,4,0.796,6478,2,0.142,14673,5,46.641,709,1,43.228,3889,2,0.827,660,1,0.778,221,1,-0.573,24965,8,0.348,5230,2,8.852,32858,10,7.719,167,1,0.248,11240,4,2.006,356,1,1432,316,183,960
4072,E01004301,Tower Hamlets 025B,E09000030,Tower Hamlets,45.921,3192,1,0.578,1181,1,0.192,7301,3,23.592,12131,4,0.64,8086,3,0.44,10371,4,47.515,597,1,47.712,2707,1,0.964,125,1,0.987,6,1,-0.598,25277,8,0.345,5404,2,4.511,33552,10,8.069,111,1,0.29,10575,4,2.444,36,1,1370,256,127,1015
4073,E01004302,Tower Hamlets 025C,E09000030,Tower Hamlets,45.534,3257,1,0.557,1476,1,0.192,7303,3,25.12,11300,4,0.869,5771,2,0.777,6151,2,46.296,763,1,37.741,5784,2,0.731,1781,1,0.984,9,1,-0.718,26713,8,0.361,4406,2,3.976,33594,10,7.708,172,1,-0.161,19168,6,2.313,86,1,1712,458,89,1196
4074,E01004303,Tower Hamlets 025D,E09000030,Tower Hamlets,32.13,7318,3,0.431,4349,2,0.172,8969,3,18.077,15733,5,0.251,12818,4,0.498,9565,3,35.925,3513,2,30.68,8922,3,0.663,3104,1,0.437,3784,2,-0.36,21955,7,0.281,10401,4,7.72,33083,10,5.942,1093,1,-0.453,25347,8,2.031,333,1,2911,617,287,2071
4075,E01004304,Tower Hamlets 022C,E09000030,Tower Hamlets,44.952,3364,1,0.564,1374,1,0.216,5585,2,30.482,8735,3,0.259,12709,4,0.476,9869,3,47.292,619,1,38.353,5542,2,0.831,633,1,0.759,274,1,-1.012,29657,9,0.405,2302,1,3.342,33660,10,8.005,120,1,-0.17,19331,6,2.464,32,1,2224,455,276,1542
4076,E01004305,Tower Hamlets 022D,E09000030,Tower Hamlets,43.9,3619,2,0.597,910,1,0.203,6448,2,22.821,12566,4,0.294,12270,4,0.383,11139,4,43.467,1284,1,41.081,4567,2,0.875,371,1,0.567,1504,1,-0.276,20576,7,0.319,7207,3,6.651,33296,10,7.108,350,1,0.062,14527,5,2.204,169,1,1962,423,268,1299
4077,E01004306,Tower Hamlets 015A,E09000030,Tower Hamlets,36.117,5760,2,0.387,5779,2,0.19,7476,3,15.221,17960,6,0.546,9106,3,0.73,6662,2,38.717,2518,1,48.653,2506,1,0.57,5626,2,0.583,1307,1,-0.348,21744,7,0.251,13590,5,2.072,33743,10,6.372,739,1,0.378,9252,3,2.266,120,1,1926,302,204,1448
4078,E01004307,Tower Hamlets 015B,E09000030,Tower Hamlets,16.323,17906,6,0.125,22768,7,0.057,28898,9,2.195,31491,10,-0.387,22159,7,-0.409,22627,7,36.235,3377,2,56.706,1201,1,0.506,7809,3,0.418,4250,2,-1.021,29749,9,0.111,31563,10,2.447,33727,10,6.032,1024,1,0.648,5734,2,2.386,59,1,2600,139,154,2375
4079,E01004308,Tower Hamlets 015C,E09000030,Tower Hamlets,35.155,6123,2,0.423,4569,2,0.179,8404,3,15.813,17458,6,0.792,6526,2,0.555,8831,3,38.983,2435,1,34.117,7288,3,0.659,3179,1,0.624,923,1,-0.729,26819,8,0.281,10405,4,3.365,33657,10,6.398,715,1,-0.143,18761,6,1.901,495,1,1462,257,189,1057
4080,E01004309,Tower Hamlets 015D,E09000030,Tower Hamlets,47.715,2794,1,0.571,1279,1,0.221,5329,2,16.099,17238,6,1.316,2522,1,1.233,2480,1,35.237,3796,2,37.877,5728,2,0.965,120,1,0.852,119,1,-0.726,26786,8,0.284,10151,4,1.828,33747,10,5.867,1156,1,-0.126,18389,6,2.248,127,1,2882,461,248,2207
4081,E01004310,Tower Hamlets 015E,E09000030,Tower Hamlets,33.152,6873,3,0.391,5642,2,0.158,10492,4,11.459,21316,7,0.703,7392,3,0.742,6534,2,35.468,3676,2,43.119,3917,2,0.715,2061,1,0.989,4,1,-0.779,27410,9,0.238,15061,5,1.543,33752,10,5.903,1124,1,0.071,14346,5,2.486,26,1,2119,320,164,1691
4082,E01004311,Tower Hamlets 006A,E09000030,Tower Hamlets,32.818,7026,3,0.471,3226,1,0.18,8307,3,13.68,19250,6,0.408,10806,4,0.665,7425,3,24.992,10894,4,36.939,6103,2,0.792,952,1,0.601,1122,1,-0.607,25387,8,0.253,13339,4,3.056,33684,10,4.161,3459,2,-0.134,18562,6,2.179,196,1,1857,339,198,1354
4083,E01004312,Tower Hamlets 009A,E09000030,Tower Hamlets,41.617,4179,2,0.535,1824,1,0.212,5857,2,25.583,11063,4,0.521,9427,3,0.561,8747,3,33.074,4783,2,45.277,3282,1,0.763,1283,1,0.765,260,1,-0.269,20469,7,0.342,5605,2,3.43,33650,10,5.564,1492,1,0.406,8832,3,1.848,574,1,1567,331,219,1068
4084,E01004313,Tower Hamlets 009B,E09000030,Tower Hamlets,37.223,5371,2,0.505,2415,1,0.166,9593,3,19.383,14799,5,0.446,10327,4,0.766,6263,2,34.235,4227,2,41.577,4386,2,0.962,133,1,0.699,478,1,-0.388,22358,7,0.296,9066,3,2.589,33715,10,5.727,1303,1,0.099,13825,5,2.18,194,1,2156,398,144,1617
4085,E01004315,Tower Hamlets 006C,E09000030,Tower Hamlets,31.005,7807,3,0.343,7473,3,0.171,9128,3,11.58,21197,7,0.476,9946,3,0.963,4403,2,31.046,5952,2,39.954,4947,2,0.443,10214,4,0.72,388,1,-0.408,22671,7,0.215,18044,6,2.674,33708,10,5.216,1861,1,0.085,14096,5,2.033,328,1,1620,245,251,1205
4086,E01004316,Tower Hamlets 009C,E09000030,Tower Hamlets,41.511,4209,2,0.402,5263,2,0.16,10190,4,9.105,23601,7,0.734,7093,3,0.728,6678,2,48.751,440,1,81.457,17,1,0.687,2588,1,0.828,142,1,-0.95,29115,9,0.219,17484,6,2.202,33740,10,8.481,52,1,1.243,954,1,2.718,4,1,1058,170,74,828
4087,E01004319,Tower Hamlets 021A,E09000030,Tower Hamlets,35.858,5853,2,0.499,2558,1,0.157,10582,4,19.428,14765,5,0.284,12416,4,0.344,11683,4,43.836,1217,1,33.965,7367,3,0.833,620,1,0.804,168,1,-1.12,30457,10,0.328,6547,2,2.855,33696,10,7.198,316,1,-0.451,25317,8,2.427,41,1,2540,506,264,1819
4088,E01004321,Tower Hamlets 021C,E09000030,Tower Hamlets,37.217,5378,2,0.457,3591,2,0.169,9355,3,14.736,18352,6,0.14,14342,5,0.421,10653,4,49.057,404,1,46.416,3021,1,0.735,1709,1,0.707,437,1,-0.792,27562,9,0.274,11154,4,2.089,33742,10,8.691,39,1,0.389,9091,3,1.997,366,1,2291,427,247,1664
4089,E01004322,Tower Hamlets 017A,E09000030,Tower Hamlets,45.199,3313,1,0.666,339,1,0.146,11779,4,17.107,16448,5,1.203,3191,1,0.385,11122,4,33.642,4495,2,45.013,3360,1,0.994,57,1,0.983,11,1,-0.409,22674,7,0.275,10989,4,3.217,33666,10,5.64,1398,1,0.344,9761,3,1.96,403,1,1532,255,86,1212
4090,E01004323,Tower Hamlets 017B,E09000030,Tower Hamlets,35.934,5823,2,0.44,4068,2,0.154,10863,4,15.401,17812,6,0.515,9500,3,0.261,12905,4,46.041,806,1,46.012,3116,1,0.614,4336,2,0.738,328,1,-0.758,27172,9,0.279,10657,4,3.564,33634,10,7.641,185,1,0.538,7036,3,1.608,1067,1,1735,389,162,1215
4091,E01004324,Tower Hamlets 017C,E09000030,Tower Hamlets,42.919,3844,2,0.537,1802,1,0.207,6174,2,27.841,9952,3,0.68,7653,3,0.44,10367,4,46.943,676,1,27.103,10871,4,0.845,545,1,0.826,144,1,-0.876,28407,9,0.384,3160,1,5.097,33502,10,7.873,140,1,-0.142,18737,6,1.249,2154,1,1661,340,148,1188
4092,E01004326,Tower Hamlets 017D,E09000030,Tower Hamlets,36.528,5619,2,0.442,4009,2,0.146,11803,4,14.285,18734,6,0.335,11740,4,1.08,3444,2,43.005,1389,1,45.282,3280,1,0.721,1948,1,0.695,495,1,-1.127,30516,10,0.281,10467,4,3.049,33685,10,7.052,373,1,0.23,11528,4,2.269,118,1,1938,385,132,1443
31072,E01032764,Tower Hamlets 004E,E09000030,Tower Hamlets,26.645,10087,3,0.341,7604,3,0.137,12850,4,11.275,21504,7,0.605,8477,3,0.9,4992,2,23.179,12959,4,30.739,8896,3,0.649,3442,2,0.771,243,1,0.146,14329,5,0.136,29261,9,11.499,32259,10,3.708,4324,2,-0.472,25738,8,2.068,300,1,2611,356,120,2146
31073,E01032765,Tower Hamlets 004F,E09000030,Tower Hamlets,28.141,9230,3,0.358,6899,3,0.163,9948,3,20.404,14071,5,0.717,7265,3,0.294,12395,4,25.155,10702,4,25.838,11617,4,0.735,1697,1,0.624,927,1,0.253,12791,4,0.243,14548,5,9.612,32718,10,4.135,3516,2,-0.536,26982,8,1.676,912,1,1889,258,189,1519
31074,E01032767,Tower Hamlets 021F,E09000030,Tower Hamlets,10.284,24634,8,0.099,26131,8,0.037,32645,10,7.514,25337,8,-0.095,17807,6,-0.471,23523,7,22.063,14354,5,36.057,6447,2,0.738,1660,1,0.51,2326,1,-0.078,17595,6,0.073,33292,10,2.128,33741,10,3.582,4582,2,-0.148,18873,6,2.12,256,1,1746,43,61,1670
31075,E01032768,Tower Hamlets 025E,E09000030,Tower Hamlets,10.159,24781,8,0.111,24592,8,0.052,30100,9,0.801,33062,10,-0.362,21753,7,-0.108,18378,6,26.33,9587,3,29.658,9455,3,0.29,17320,6,0.327,7061,3,-1.352,31816,10,0.069,33374,10,9.062,32828,10,4.382,3120,1,-0.735,29945,9,2.2,171,1,1325,141,72,1147
31076,E01032769,Tower Hamlets 025F,E09000030,Tower Hamlets,23.07,12385,4,0.276,10786,4,0.09,20825,7,8.093,24670,8,0.329,11822,4,1.131,3111,1,26.937,9011,3,33.595,7546,3,0.677,2799,1,0.34,6598,2,-0.257,20297,7,0.15,27456,9,8.425,32944,10,4.498,2925,1,-0.456,25417,8,2.371,63,1,1368,183,125,1086
31077,E01032770,Tower Hamlets 032B,E09000030,Tower Hamlets,12.162,22407,7,0.182,17028,6,0.056,29146,9,8.962,23769,8,0.241,12954,4,-0.156,19096,6,25.956,9917,3,3.945,30674,10,0.461,9470,3,0.759,273,1,0.007,16336,5,0.112,31535,10,9.937,32636,10,4.293,3259,1,-0.85,31159,10,-0.384,22770,7,2186,222,110,1881
31078,E01032771,Tower Hamlets 033B,E09000030,Tower Hamlets,11.288,23423,7,0.152,19893,6,0.061,27767,9,4.465,28852,9,-0.306,20914,7,-1.476,32642,10,25.044,10831,4,34.363,7167,3,0.458,9634,3,0.596,1162,1,-0.559,24771,8,0.118,31019,10,9.341,32770,10,4.111,3548,2,0.187,12214,4,1.305,1949,1,2130,202,72,1864
31079,E01032772,Tower Hamlets 032C,E09000030,Tower Hamlets,20.302,14470,5,0.34,7620,3,0.099,18904,6,12.13,20669,7,0.478,9923,3,0.136,14763,5,22.955,13241,4,12.618,21210,7,0.73,1789,1,0.867,109,1,-0.071,17478,6,0.186,22288,7,9.683,32694,10,3.692,4354,2,-0.716,29734,9,0.589,6914,3,2866,457,119,2293
31080,E01032774,Tower Hamlets 032E,E09000030,Tower Hamlets,24.596,11368,4,0.35,7234,3,0.141,12399,4,15.107,18053,6,0.499,9655,3,0.061,15886,5,31.411,5740,2,11.31,22463,7,0.592,4954,2,0.763,264,1,-0.011,16600,5,0.215,18008,6,9.57,32727,10,5.222,1855,1,-0.479,25884,8,0.223,11783,4,1835,343,99,1412
31081,E01032775,Tower Hamlets 031F,E09000030,Tower Hamlets,7.068,28567,9,0.149,20217,6,0.046,31204,10,1.504,32293,10,-0.402,22384,7,-1.677,33177,10,22.315,14032,5,10.579,23178,7,0.246,19910,6,0.495,2575,1,-1.119,30446,10,0.088,32778,10,16.152,30728,10,3.395,4948,2,-0.569,27587,9,0.253,11300,4,1194,191,71,964
31082,E01032776,Tower Hamlets 034D,E09000030,Tower Hamlets,11.333,23371,7,0.155,19570,6,0.039,32408,10,7.972,24822,8,-0.563,24596,8,0.009,16637,5,26.307,9613,3,26.889,11010,4,0.371,13273,4,0.454,3352,1,-0.098,17903,6,0.113,31432,10,12.153,32071,10,4.324,3210,1,-1.054,32600,10,2.054,311,1,2211,250,49,1922
31083,E01032777,Tower Hamlets 035A,E09000030,Tower Hamlets,24.807,11237,4,0.354,7045,3,0.16,10177,4,8.19,24577,8,0.791,6544,2,-0.5,23919,8,22.247,14119,5,27.772,10491,4,0.536,6764,3,0.974,27,1,-0.349,21775,7,0.165,25382,8,13.217,31793,10,3.471,4801,2,-0.521,26680,8,1.831,608,1,1352,245,50,1072
31084,E01032779,Tower Hamlets 035C,E09000030,Tower Hamlets,15.759,18498,6,0.186,16734,5,0.075,24192,8,6.42,26599,8,0.169,13957,5,0.023,16440,5,30.98,6000,2,23.484,12973,4,0.428,10785,4,0.348,6284,2,-0.214,19661,6,0.087,32848,10,12.082,32096,10,5.12,1989,1,-0.542,27109,9,1.459,1442,1,1480,265,33,1193
31085,E01032780,Tower Hamlets 035D,E09000030,Tower Hamlets,19.011,15484,5,0.3,9536,3,0.072,25089,8,6.383,26645,8,-0.175,19006,6,-0.279,20826,7,27.815,8275,3,45.08,3345,1,0.849,520,1,0.34,6598,2,-0.248,20153,6,0.102,32157,10,10.244,32558,10,4.62,2714,1,0.38,9234,3,1.894,505,1,3014,427,125,2493
31086,E01032781,Tower Hamlets 033C,E09000030,Tower Hamlets,11.788,22837,7,0.157,19352,6,0.051,30198,9,11.352,21430,7,-0.234,19868,6,-0.513,24112,8,27.288,8683,3,21.926,13963,5,0.3,16775,5,0.297,8210,3,0.042,15820,5,0.158,26358,8,11.304,32311,10,4.525,2887,1,-0.349,23181,7,1.079,2938,1,1721,246,103,1412
31087,E01032782,Tower Hamlets 033D,E09000030,Tower Hamlets,21.991,13155,4,0.3,9526,3,0.094,19936,6,10.474,22244,7,0.67,7760,3,0.428,10547,4,20.521,16331,5,34.818,6967,3,0.89,310,1,0.531,1994,1,-0.077,17576,6,0.163,25664,8,10.312,32538,10,3.114,5512,2,-0.081,17452,6,1.858,556,1,2748,316,117,2367
31088,E01032783,Tower Hamlets 031G,E09000030,Tower Hamlets,24.849,11209,4,0.339,7680,3,0.13,13758,5,13.929,19031,6,0.282,12444,4,0.427,10554,4,31.926,5450,2,22.352,13678,5,0.668,2985,1,0.678,573,1,-0.13,18375,6,0.215,18070,6,14.369,31456,10,5.235,1842,1,-0.378,23802,8,1.154,2549,1,1310,166,150,1027
31089,E01032784,Tower Hamlets 004G,E09000030,Tower Hamlets,15.446,18839,6,0.238,13064,4,0.065,26883,8,12.465,20345,7,0.131,14494,5,0.266,12824,4,20.073,16925,6,22.279,13730,5,0.499,8046,3,0.615,1004,1,0.129,14558,5,0.161,25932,8,8.656,32893,10,3.035,5683,2,-0.538,27016,9,1.346,1819,1,1788,239,99,1458
31090,E01032785,Tower Hamlets 010E,E09000030,Tower Hamlets,18.721,15748,5,0.313,8917,3,0.1,18715,6,7.262,25629,8,0.082,15221,5,-0.675,26266,8,30.907,6054,2,20.071,15248,5,0.523,7194,3,0.704,455,1,-0.255,20257,7,0.133,29606,9,7.946,33045,10,5.159,1935,1,-0.63,28557,9,1.219,2299,1,2634,609,72,1953
31091,E01032786,Tower Hamlets 010F,E09000030,Tower Hamlets,35.5,5982,2,0.496,2598,1,0.179,8341,3,18.249,15617,5,0.317,11971,4,0.578,8540,3,36.31,3347,1,31.706,8459,3,0.766,1247,1,0.456,3320,1,-0.48,23678,8,0.292,9477,3,6.329,33346,10,6.021,1031,1,-0.094,17715,6,1.605,1072,1,1678,425,165,1134
31092,E01032787,Tower Hamlets 011F,E09000030,Tower Hamlets,41.245,4277,2,0.552,1566,1,0.195,7051,3,27.826,9961,3,0.283,12433,4,0.501,9530,3,37.455,2946,1,43.108,3920,2,0.907,261,1,0.706,442,1,-0.848,28150,9,0.383,3197,1,4.054,33586,10,6.211,882,1,0.267,10933,4,1.941,422,1,2542,527,246,1832
33650,E01035657,Tower Hamlets 001E,E09000030,Tower Hamlets,13.274,21154,7,0.126,22732,7,0.057,28832,9,7.828,24989,8,0.037,15880,5,0.817,5729,2,15.219,23858,8,31.45,8599,3,0.365,13541,5,0.085,23994,8,-0.034,16928,6,0.052,33645,10,12.112,32083,10,1.733,9131,3,-0.288,21877,7,1.877,529,1,1052,95,39,945
33651,E01035658,Tower Hamlets 001F,E09000030,Tower Hamlets,15.341,18944,6,0.208,15074,5,0.054,29517,9,16.834,16655,5,0.295,12255,4,0.512,9358,3,13.388,26275,8,24.877,12158,4,0.47,9125,3,0.871,101,1,0.663,7685,3,0.087,32851,10,13.754,31653,10,1.203,10934,4,-0.469,25669,8,1.509,1303,1,1520,271,14,1213
33652,E01035659,Tower Hamlets 001G,E09000030,Tower Hamlets,37.042,5444,2,0.492,2692,1,0.22,5360,2,25.344,11184,4,0.171,13933,5,0.896,5029,2,26.319,9603,3,31.968,8329,3,0.808,819,1,0.62,952,1,0.378,11103,4,0.278,10740,4,10.75,32442,10,4.354,3165,1,-0.14,18673,6,1.699,851,1,1596,278,219,1124
33653,E01035660,Tower Hamlets 002E,E09000030,Tower Hamlets,33.974,6552,2,0.411,4955,2,0.157,10598,4,11.653,21118,7,0.752,6912,3,1.197,2679,1,29.32,7061,3,40.261,4836,2,0.716,2052,1,0.777,230,1,-0.426,22926,7,0.217,17727,6,5.83,33413,10,4.939,2257,1,-0.01,15921,5,2.269,117,1,1500,254,119,1174
33654,E01035661,Tower Hamlets 002F,E09000030,Tower Hamlets,41.343,4254,2,0.499,2541,1,0.145,11862,4,24.39,11697,4,1.328,2466,1,0.846,5454,2,40.487,1988,1,33.848,7429,3,0.776,1109,1,0.756,285,1,-0.224,19817,6,0.329,6482,2,4.795,33531,10,6.654,577,1,-0.23,20636,7,2.026,342,1,1647,332,88,1203
33655,E01035662,Tower Hamlets 004H,E09000030,Tower Hamlets,15.626,18643,6,0.095,26680,8,0.045,31487,10,5.426,27749,9,0.252,12799,4,-0.545,24522,8,15.186,23893,8,78.338,39,1,0.529,6987,3,0.307,7830,3,-0.297,20910,7,0.039,33728,10,11.028,32383,10,1.753,9071,3,1.366,565,1,1.608,1059,1,1045,44,28,994
33656,E01035663,Tower Hamlets 004I,E09000030,Tower Hamlets,24.159,11652,4,0.334,7922,3,0.122,14930,5,12.524,20292,7,0.086,15148,5,0.173,14219,5,27.488,8526,3,40.73,4672,2,0.576,5433,2,0.258,9985,3,0.189,13691,5,0.151,27407,9,9.845,32660,10,4.571,2795,1,0.009,15550,5,2.282,109,1,1358,311,88,1002
33657,E01035664,Tower Hamlets 006E,E09000030,Tower Hamlets,31.656,7520,3,0.373,6324,2,0.169,9283,3,8.876,23855,8,0.53,9308,3,0.916,4835,2,26.44,9489,3,48.098,2619,1,0.588,5060,2,0.49,2636,1,-0.604,25353,8,0.197,20513,7,3.623,33630,10,4.449,3003,1,0.44,8354,3,2.043,322,1,2563,449,341,1858
33658,E01035665,Tower Hamlets 008F,E09000030,Tower Hamlets,21.171,13786,5,0.206,15255,5,0.057,28900,9,7.671,25171,8,1.035,4333,2,0.831,5580,2,23.442,12655,4,37.194,6004,2,0.551,6240,2,0.56,1584,1,-0.117,18173,6,0.108,31803,10,9.211,32795,10,3.805,4141,2,-0.229,20617,7,2.425,42,1,1509,222,25,1257
33659,E01035666,Tower Hamlets 008G,E09000030,Tower Hamlets,32.29,7261,3,0.477,3063,1,0.164,9763,3,18.748,15252,5,0.34,11665,4,0.385,11118,4,33.167,4740,2,25.972,11545,4,0.837,598,1,0.805,165,1,-0.246,20114,6,0.278,10703,4,8.05,33030,10,5.542,1512,1,-0.655,28881,9,1.777,694,1,1957,371,106,1498
33660,E01035667,Tower Hamlets 008H,E09000030,Tower Hamlets,34.871,6218,2,0.51,2306,1,0.191,7394,3,21.724,13210,4,0.172,13914,5,0.411,10763,4,32.251,5251,2,27.673,10551,4,0.735,1712,1,0.982,14,1,-0.183,19203,6,0.302,8561,3,8.467,32934,10,5.379,1680,1,-0.414,24550,8,1.701,847,1,2001,491,84,1423
33661,E01035668,Tower Hamlets 009E,E09000030,Tower Hamlets,33.397,6789,3,0.372,6349,2,0.165,9699,3,12.658,20173,6,0.884,5627,2,1.246,2393,1,30.085,6530,2,33.281,7697,3,0.772,1167,1,0.894,84,1,-0.058,17268,6,0.191,21524,7,3.569,33633,10,5.073,2067,1,-0.401,24278,8,2.224,145,1,2054,234,141,1702
33662,E01035669,Tower Hamlets 009F,E09000030,Tower Hamlets,30.287,8139,3,0.338,7721,3,0.112,16512,5,9.172,23542,7,0.735,7087,3,1.406,1606,1,34.592,4071,2,33.402,7639,3,0.938,180,1,0.886,92,1,-0.162,18875,6,0.155,26829,8,2.672,33709,10,5.774,1250,1,-0.549,27215,9,2.754,2,1,1370,146,34,1166
33663,E01035670,Tower Hamlets 010G,E09000030,Tower Hamlets,25.999,10488,4,0.284,10384,4,0.091,20602,7,27.166,10289,4,-0.035,16928,6,0.741,6539,2,36.527,3278,1,38.044,5661,2,0.781,1059,1,0.681,558,1,-0.186,19249,6,0.349,5154,2,5.773,33427,10,6.062,1000,1,0.044,14845,5,1.918,461,1,4759,527,299,3904
33664,E01035671,Tower Hamlets 012F,E09000030,Tower Hamlets,20.845,14041,5,0.308,9127,3,0.085,21946,7,7.938,24859,8,0.004,16349,5,0.261,12899,4,35.715,3588,2,26.783,11069,4,0.556,6057,2,0.962,46,1,-0.565,24847,8,0.182,22747,7,9.493,32749,10,5.893,1137,1,-0.754,30166,9,1.914,472,1,2267,427,32,1779
33665,E01035672,Tower Hamlets 012G,E09000030,Tower Hamlets,42.87,3864,2,0.632,568,1,0.207,6218,2,21.745,13195,4,0.037,15894,5,0.555,8834,3,42.63,1460,1,24.02,12662,4,0.935,185,1,0.77,245,1,-0.543,24564,8,0.327,6618,2,9.101,32815,10,6.946,422,1,-0.529,26856,8,1.493,1339,1,3019,773,189,2052
33666,E01035673,Tower Hamlets 012H,E09000030,Tower Hamlets,29.925,8317,3,0.404,5179,2,0.149,11456,4,11.796,20984,7,0.598,8545,3,0.588,8392,3,37.089,3088,1,21.044,14567,5,0.751,1454,1,0.853,118,1,-0.463,23448,7,0.222,17110,6,8.77,32875,10,6.117,954,1,-0.943,31928,10,1.473,1400,1,1109,170,46,892
33667,E01035674,Tower Hamlets 014F,E09000030,Tower Hamlets,23.523,12106,4,0.346,7354,3,0.127,14271,5,9.349,23364,7,0.509,9551,3,0.171,14253,5,25.95,9928,3,25.585,11773,4,0.544,6471,2,0.868,107,1,-0.459,23385,7,0.192,21329,7,6.953,33244,10,4.335,3194,1,-0.324,22648,7,1.394,1656,1,1398,280,67,1048
33668,E01035675,Tower Hamlets 014G,E09000030,Tower Hamlets,31.98,7380,3,0.412,4930,2,0.127,14235,5,17.039,16520,5,0.551,9054,3,0.566,8682,3,40.807,1903,1,35.16,6842,3,0.769,1212,1,0.691,510,1,-0.399,22528,7,0.274,11129,4,5.749,33430,10,6.699,552,1,-0.261,21318,7,2.211,160,1,1865,309,140,1439
33669,E01035676,Tower Hamlets 014H,E09000030,Tower Hamlets,40.375,4486,2,0.524,2015,1,0.215,5692,2,24.107,11851,4,0.425,10593,4,0.414,10727,4,40.473,1995,1,33.671,7509,3,0.725,1871,1,0.503,2430,1,-0.422,22865,7,0.34,5726,2,7.324,33174,10,6.637,589,1,-0.37,23633,8,2.222,148,1,1604,383,209,1021
33670,E01035677,Tower Hamlets 014I,E09000030,Tower Hamlets,34.107,6502,2,0.499,2556,1,0.169,9310,3,14.574,18476,6,0.932,5185,2,0.447,10278,4,27.332,8642,3,26.124,11469,4,0.795,925,1,0.984,10,1,-0.676,26244,8,0.267,11899,4,8.495,32927,10,4.562,2813,1,-0.634,28627,9,1.779,692,1,1581,305,52,1204
33671,E01035678,Tower Hamlets 018E,E09000030,Tower Hamlets,26.228,10371,4,0.416,4810,2,0.143,12098,4,13.83,19131,6,0.053,15643,5,0.442,10343,4,25.887,9988,3,26.132,11466,4,0.708,2185,1,0.597,1156,1,-0.246,20123,6,0.225,16643,5,9.231,32790,10,4.289,3264,1,-0.344,23086,7,1.468,1413,1,2002,422,149,1449
33672,E01035679,Tower Hamlets 018F,E09000030,Tower Hamlets,26.218,10379,4,0.384,5883,2,0.117,15774,5,13.174,19706,6,0.324,11890,4,0.841,5496,2,26.42,9512,3,27.669,10552,4,0.76,1329,1,0.358,5973,2,-0.224,19820,6,0.216,17915,6,7.785,33076,10,4.414,3066,1,-0.417,24606,8,1.707,841,1,1629,285,155,1223
33673,E01035680,Tower Hamlets 019E,E09000030,Tower Hamlets,22.447,12842,4,0.34,7612,3,0.106,17674,6,6.445,26572,8,0.719,7243,3,0.077,15657,5,28.518,7702,3,19.665,15546,5,0.606,4535,2,0.974,27,1,-0.485,23749,8,0.153,27161,9,6.266,33354,10,4.791,2457,1,-0.924,31796,10,1.341,1829,1,1846,353,55,1426
33674,E01035681,Tower Hamlets 019F,E09000030,Tower Hamlets,42.033,4054,2,0.554,1534,1,0.244,3989,2,25.115,11303,4,0.7,7430,3,0.336,11788,4,34.732,4011,2,26.173,11440,4,0.752,1432,1,0.794,189,1,-0.462,23434,7,0.35,5074,2,5.538,33455,10,5.782,1242,1,-0.873,31378,10,1.915,470,1,2070,449,245,1421
33675,E01035682,Tower Hamlets 019G,E09000030,Tower Hamlets,41.957,4078,2,0.515,2186,1,0.18,8300,3,16.688,16766,5,1.353,2338,1,0.703,6984,3,39.535,2259,1,32.703,7991,3,0.866,417,1,0.865,111,1,-0.46,23400,7,0.275,11052,4,5.431,33464,10,6.482,667,1,-0.311,22379,7,2.034,327,1,1545,377,43,1096
33676,E01035683,Tower Hamlets 019H,E09000030,Tower Hamlets,39.395,4740,2,0.449,3798,2,0.209,6051,2,39.639,5585,2,0.475,9962,3,0.06,15902,5,47.3,618,1,22.381,13656,5,0.52,7307,3,0.89,89,1,-0.27,20500,7,0.437,1337,1,6.774,33278,10,7.962,126,1,-0.322,22602,7,1.084,2911,1,1861,450,166,1253
33677,E01035684,Tower Hamlets 020E,E09000030,Tower Hamlets,39.121,4819,2,0.523,2047,1,0.198,6856,3,22.941,12508,4,0.827,6172,2,0.523,9203,3,37.34,2987,1,21.631,14152,5,0.77,1192,1,0.752,294,1,0.014,16252,5,0.296,9088,3,9.312,32775,10,6.148,928,1,-0.573,27633,9,1.315,1916,1,1716,422,127,1182
33678,E01035685,Tower Hamlets 020F,E09000030,Tower Hamlets,50.311,2316,1,0.662,357,1,0.253,3598,2,40.132,5449,2,0.536,9240,3,0.62,7994,3,39.111,2386,1,24.59,12330,4,0.848,527,1,0.616,989,1,-0.064,17369,6,0.427,1562,1,8.209,32989,10,6.389,725,1,-0.175,19463,6,1.07,2984,1,1560,457,180,943
33679,E01035686,Tower Hamlets 021G,E09000030,Tower Hamlets,32.731,7069,3,0.421,4654,2,0.121,15094,5,15.636,17613,6,0.329,11821,4,0.792,5977,2,39.48,2278,1,44.652,3478,2,0.901,276,1,0.981,16,1,-0.251,20188,6,0.246,14113,5,1.739,33751,10,6.486,663,1,0.213,11784,4,2.227,142,1,1892,252,49,1579
33680,E01035687,Tower Hamlets 021H,E09000030,Tower Hamlets,21.918,13212,4,0.329,8164,3,0.072,24945,8,9.248,23457,7,-0.086,17681,6,0.77,6225,2,28.819,7441,3,36.746,6171,2,0.896,289,1,0.976,21,1,-0.092,17818,6,0.144,28217,9,1.144,33755,10,4.872,2349,1,-0.29,21921,7,2.669,7,1,1901,257,41,1576
33681,E01035688,Tower Hamlets 021I,E09000030,Tower Hamlets,12.258,22298,7,0.182,17067,6,0.043,31826,10,8.687,24051,8,-0.387,22155,7,-0.15,19004,6,20.755,16013,5,35.844,6545,2,0.83,643,1,0.551,1707,1,-0.058,17261,6,0.123,30597,10,1.525,33753,10,3.278,5185,2,-0.067,17126,6,1.921,456,1,2390,221,20,2111
33682,E01035689,Tower Hamlets 021J,E09000030,Tower Hamlets,18.644,15817,5,0.263,11533,4,0.072,25194,8,8.964,23768,8,0.073,15344,5,0.348,11621,4,28.705,7547,3,31.958,8332,3,0.547,6344,2,0.939,57,1,-0.341,21615,7,0.175,23877,8,1.459,33754,10,4.844,2377,1,-0.492,26125,8,2.213,159,1,1827,280,52,1484
33683,E01035690,Tower Hamlets 023E,E09000030,Tower Hamlets,16.612,17643,6,0.237,13109,4,0.073,24709,8,13.312,19568,6,-0.03,16879,6,0.153,14517,5,26.087,9801,3,24.595,12327,4,0.557,6013,2,0.878,95,1,-0.043,17058,6,0.197,20559,7,6.891,33253,10,4.365,3150,1,-0.499,26262,8,1.518,1283,1,2106,284,48,1754
33684,E01035691,Tower Hamlets 023F,E09000030,Tower Hamlets,14.365,20009,6,0.182,17017,6,0.054,29660,9,9.59,23113,7,-0.444,22980,7,0.502,9515,3,27.315,8658,3,27.615,10585,4,0.527,7057,3,0.264,9694,3,0.034,15933,5,0.123,30580,10,8.887,32853,10,4.559,2825,1,-0.536,26980,8,1.832,605,1,1982,255,67,1670
33685,E01035692,Tower Hamlets 024E,E09000030,Tower Hamlets,27.507,9604,3,0.421,4641,2,0.139,12711,4,11.389,21396,7,0.645,8031,3,0.462,10074,3,30.891,6065,2,11.785,22015,7,0.869,395,1,0.465,3152,1,-0.074,17532,6,0.176,23727,8,9.442,32756,10,5.14,1959,1,-0.662,28994,9,0.461,8352,3,1418,266,93,1060
33686,E01035693,Tower Hamlets 024F,E09000030,Tower Hamlets,24.326,11538,4,0.334,7903,3,0.118,15591,5,10.364,22341,7,0.715,7288,3,0.514,9326,3,27.076,8872,3,21.074,14541,5,0.63,3904,2,0.644,770,1,-0.355,21870,7,0.195,20844,7,8.233,32981,10,4.528,2881,1,-0.609,28235,9,1.295,1991,1,1617,292,82,1265
33687,E01035694,Tower Hamlets 024G,E09000030,Tower Hamlets,46.115,3134,1,0.573,1239,1,0.246,3935,2,22.486,12754,4,0.95,5038,2,0.794,5946,2,35.705,3595,2,33.37,7662,3,0.779,1079,1,0.988,5,1,-0.005,16508,5,0.294,9323,3,7.053,33226,10,5.907,1116,1,-0.184,19655,6,1.897,497,1,2300,541,130,1639
33688,E01035695,Tower Hamlets 024H,E09000030,Tower Hamlets,43.263,3752,2,0.583,1109,1,0.188,7648,3,27.926,9904,3,0.688,7575,3,0.574,8576,3,40.198,2062,1,33.764,7465,3,0.874,379,1,0.761,269,1,-0.347,21725,7,0.364,4211,2,7.774,33078,10,6.573,617,1,-0.164,19214,6,1.903,492,1,1686,393,136,1187
33689,E01035696,Tower Hamlets 026E,E09000030,Tower Hamlets,13.933,20477,7,0.218,14363,5,0.056,29220,9,5.29,27915,9,-0.008,16549,5,-0.09,18126,6,20.264,16661,5,35.285,6795,3,0.708,2180,1,0.393,4914,2,-0.344,21673,7,0.084,32943,10,4.203,33575,10,3.136,5461,2,-0.183,19626,6,2.106,272,1,1403,155,29,1226
33690,E01035697,Tower Hamlets 026F,E09000030,Tower Hamlets,21.959,13182,4,0.29,10055,3,0.116,15938,5,7.86,24959,8,0.432,10516,4,-0.463,23426,7,29.474,6952,3,36.923,6110,2,0.691,2514,1,0.47,3042,1,-0.462,23435,7,0.172,24286,8,4.151,33580,10,4.963,2208,1,-0.117,18198,6,2.149,227,1,1802,230,150,1478
33691,E01035698,Tower Hamlets 032F,E09000030,Tower Hamlets,13.794,20635,7,0.19,16387,5,0.079,23250,7,18.945,15108,5,0.129,14511,5,-0.405,22568,7,22.867,13340,4,6.516,27694,9,0.323,15556,5,0.812,158,1,0.759,6701,2,0.118,31085,10,9.289,32782,10,3.677,4378,2,-0.376,23765,8,-0.805,29346,9,1064,222,14,829
33692,E01035699,Tower Hamlets 032G,E09000030,Tower Hamlets,19.399,15191,5,0.386,5813,2,0.101,18572,6,15.019,18126,6,0.003,16369,5,-0.315,21325,7,24.775,11128,4,3.694,30942,10,0.914,237,1,0.972,30,1,0.247,12887,4,0.179,23328,7,9.732,32686,10,4.05,3653,2,-0.832,30989,10,-0.445,23936,8,1839,278,27,1509
33693,E01035700,Tower Hamlets 034A,E09000030,Tower Hamlets,5.849,29917,9,0.019,33661,10,0.011,33731,10,7.626,25219,8,-0.18,19084,6,-0.906,28829,9,19.684,17455,6,18.141,16670,5,0.036,33358,10,0.08,24801,8,-0.059,17279,6,0.058,33561,10,12.458,31979,10,2.854,6072,2,-0.712,29692,9,1.092,2873,1,1295,88,16,1196
33694,E01035701,Tower Hamlets 034B,E09000030,Tower Hamlets,7.033,28613,9,0.036,33072,10,0.013,33718,10,4.923,28337,9,0.075,15310,5,-0.392,22392,7,19.722,17400,6,20.665,14834,5,0.185,24153,8,0.398,4781,2,-0.357,21901,7,0.048,33672,10,12.783,31893,10,2.856,6068,2,-0.718,29757,9,1.337,1846,1,1333,66,6,1262
33695,E01035702,Tower Hamlets 034C,E09000030,Tower Hamlets,30.439,8064,3,0.532,1867,1,0.119,15403,5,13.482,19439,6,0.048,15714,5,0.651,7603,3,21.89,14574,5,37.708,5798,2,0.994,56,1,0.965,43,1,0.152,14235,5,0.173,24231,8,15.157,31145,10,3.328,5077,2,-0.153,18974,6,2.298,101,1,1847,346,31,1441
33696,E01035703,Tower Hamlets 036B,E09000030,Tower Hamlets,7.068,28566,9,0.032,33252,10,0.018,33661,10,3.24,30313,9,0.114,14717,5,-0.215,19913,6,25.11,10762,4,8.795,25098,8,0.074,31896,10,0.27,9400,3,-0.628,25655,8,0.069,33368,10,9.321,32774,10,4.127,3525,2,-0.364,23522,7,-0.313,21475,7,1366,51,10,1299
33697,E01035704,Tower Hamlets 036C,E09000030,Tower Hamlets,21.346,13639,5,0.378,6120,2,0.099,19022,6,14.13,18847,6,0.221,13225,4,-0.314,21321,7,27.015,8930,3,18.584,16332,5,0.862,440,1,0.964,44,1,0.001,16431,5,0.202,19844,6,8.93,32846,10,4.504,2912,1,-0.918,31743,10,1.234,2224,1,1782,294,23,1426
33698,E01035705,Tower Hamlets 036D,E09000030,Tower Hamlets,35.695,5908,2,0.483,2926,1,0.191,7383,3,18.807,15211,5,0.454,10247,4,0.257,12960,4,42.368,1521,1,22.511,13552,5,0.777,1098,1,0.567,1509,1,-0.225,19826,6,0.277,10803,4,10.584,32478,10,6.87,451,1,-0.4,24264,8,1.204,2355,1,1428,280,180,993
33699,E01035706,Tower Hamlets 036E,E09000030,Tower Hamlets,13.535,20877,7,0.193,16176,5,0.06,28022,9,7.502,25353,8,-0.459,23177,7,0.272,12723,4,25.18,10676,4,27.251,10799,4,0.386,12582,4,0.429,3973,2,-0.196,19394,6,0.127,30266,9,8.921,32848,10,4.147,3492,2,-0.226,20550,7,1.406,1616,1,1338,214,52,1073
