,Charity Postcode
0,SE1 1YT
1,E1 5LS
3,E1 7SA
5,E2 7AE
6,E14 7PQ
7,E1W 2BP
8,E2 9PF
9,E1 0ND
10,E3 4LY
11,E14 6PW
12,E1 4NS
13,E2 7EY
14,EC1A 9BU
16,EC2V 7HR
17,EC2V 7HR
18,E2 9LH
19,E9 6QH
20,E3 4TU
21,E1 4NS
22,E3 5RH
23,E2 9PJ
25,E3 3PS
26,E1 0BH
27,E1 3NQ
28,E2 7BS
30,E3 3HJ
31,E9 6QH
32,E9 7DL
33,E2 6HG
34,E2 6HG
35,E14 8LH
36,SE18 3JB
38,IP26 5EN
39,E1 6QE
40,E2 0RY
41,E14 3BN
42,E14 8SS
43,E3 3HJ
44,E1 3DF
45,E12 5EH
46,E14 3HP
47,E14 6EQ
48,E1 2AD
49,E14 6EQ
50,E1 3NQ
51,E3 5QZ
52,E2 9PJ
53,E14 7HP
56,E14 7HP
58,E1W 2PA
59,E9 6QH
60,E1W 3TD
62,E7 0HD
64,E2 9PL
65,E1 6PU
67,E14 7BD
68,E1 1HL
69,E2 7EB
70,E1 5AR
71,E14 0AE
74,E14 3DT
75,E17 4LL
76,E15 2HU
77,E3 5RH
78,E3 5RH
81,E14 6PW
82,E1W 3DH
83,EC3N 2EY
86,EC2A 4SH
89,TN26 3RE
90,E14 3QS
91,E14 3RS
92,E2 6HG
93,E1 0HR
94,N8 0QE
96,E2 0AA
97,E2 0EG
98,E14 9WA
100,E14 3HG
101,E15 2NH
103,E1 4AQ
104,W12 8LE
105,E1 1BJ
106,E1 8JB
108,E1 0ND
109,E2 9AX
110,E11 3BT
111,E1 1NB
112,E1 0BH
115,E1W 2PA
116,E3 5AB
118,E14 7DQ
119,E16 4HQ
120,E14 0AE
122,E2 9JN
123,E3 3PR
124,E1 5HU
125,E2 0PX
126,E1W 1LQ
127,E3 4AL
128,E14 0NU
129,SE1 7QZ
130,E1 5HU
131,E1 6BD
132,E3 3BT
133,E2 0RY
134,E2 9PJ
135,E2 6JL
136,E14 0GD
137,E1 8HY
138,E1W 3NW
139,E2 7EY
140,E3 3LJ
141,E2 9PA
142,E1W 2QD
143,E1 4NS
144,SE17 1RD
146,E14 3AG
147,E15 2QS
148,E2 6AW
149,E14 0BX
150,E1 2QL
152,E2 6QL
153,E1W 1YD
154,E14 3LU
155,E1 5LX
157,E1 5NF
158,E1 0ND
160,E15 1QU
161,E3 4FG
162,E1 7TP
163,SW9 7EZ
164,E3 3PZ
165,EC3R 5BJ
167,E1 2QB
170,E15 2QS
171,E14 0AE
172,E8 4EG
173,E3 5HQ
175,E14 0NU
176,E7 0LG
178,E2 0QY
179,E3 5EL
180,E14 7AB
181,E2 9EH
183,E14 7PX
184,E1 2JP
186,E1 4UF
187,E14 3PG
189,E1 4AA
190,E1 1BJ
191,EC2A 4NE
192,E1 1BJ
193,EC2A 3AY
195,E1 4TD
196,E2 9LY
197,E14 6RN
198,E1 1HL
199,E1 5HZ
200,E14 0JW
201,E1 5NF
202,E8 1HE
203,E14 7LL
205,E14 9TS
206,E16 3PG
207,E1 0SG
210,E1 5HZ
211,E1 1BJ
212,E1 6LA
213,E2 6EY
214,E9 5EG
215,E1 6QE
216,E1 6LA
217,SE18 5QL
219,E1 2DU
220,E1 3BG
221,E2 0FT
224,E14 4AL
226,E2 6DT
227,E1 5NP
228,E2 0EH
229,E3 5QY
231,E2 9PL
233,E15 3JU
234,E1W 3EG
235,E14 8GW
236,Essex
237,EC2M 5ND
239,E1 5HZ
241,SE1 2AQ
242,E1 5LX
243,EC2V 6AU
244,E7 8NP
245,E14 7AB
246,E3 3BT
247,E14 7HA
248,E2 9PJ
249,E14 0QZ
251,E3 3BD
252,E2 7DJ
253,E3 4PX
254,E2 0NJ
256,E1 6PS
257,E1 1BJ
259,E3 2TW
260,E12 5JF
261,E3 2GX
263,E3 2TW
265,E2 6HD
266,E14 8PR
267,E14 6EQ
268,E14 7TW
269,E14 3PG
272,E1 6QL
273,E1 1LQ
274,E7 0NX
276,E1 5BW
277,E8 4SA
278,E1 4NS
279,E14 0SH
280,E9 5SR
282,E14 7FF
283,E1 3DF
284,E2 7JP
286,E16 2EW
287,E14 3DA
288,E15 4QZ
289,E3 5JL
290,E13 8QE
291,E1 0RB
292,E14 6DE
293,E2 9QB
294,E1 4UT
295,E15 4HG
296,E16 4SA
297,E1 6LT
300,E1 6LA
301,E3 4BQ
302,E14 3DN
303,SE14 5RW
305,E14 7TU
306,SE1 1YT
307,E8 2HY
308,E16 1HW
309,EC4M 7AN
310,E34PB
311,E13 8QE
312,E1 5LP
313,E14 6TL
314,E1 1JQ
315,E6 5UA
316,E6 5TT
317,E14 0BF
318,SE5 9LB
320,E1W 1NG
322,E12 6LD
323,E3 3FE
324,E1 1JX
325,E1W 3RL
326,E14 6PY
328,E1 1NA
329,DA1 2LE
330,SE18 3SU
331,E1 5BG
332,E3 4GJ
334,N12 7EX
336,E6 2EP
337,E1 1RX
338,E1 6BD
339,ME10 4BJ
340,E1 6QE
341,E12 5AY
342,E7 9JH
343,E1 1HL
344,E3 2SJ
345,E1 5AW
346,E16 1XF
347,E14 7HP
348,E2 9PL
349,E1 1RH
350,E14 0EG
351,E14 3BN
352,E1 5LL
353,E3 3AH
354,E2 9JG
355,E2 7QJ
357,E13 8BP
358,E2 7NT
359,E2 9PA
360,E6 2DA
361,E16 1HN
362,SE13 6TJ
364,E1 3NQ
365,E11 3AQ
366,E16 1YL
367,E1 0BH
368,E3 5JL
370,E1W 3DH
371,E3 4LY
372,E14 0PT
373,SE28 8HB
374,E3 4JG
375,SE15 5NG
376,HA8 5EZ
377,E1 2QJ
378,E1 3DG
380,E14 0FZ
381,E2 7EY
382,E2 9HF
384,E16 3AA
385,E2 0RN
388,E12 5DZ
390,E2 8DY
391,SE14 6JJ
392,E9 5DY
393,E8 1FX
395,E1 2PA
396,E1 7SA
397,E1 3DW
398,E1W 2JZ
399,E2 9EH
400,E1 4UN
401,E16 4TL
402,E1 5DJ
403,E1 7QX
404,E11 4HG
406,E1 0RG
407,CT16 1ES
408,E1 5JL
409,E1 4UN
410,E1 7EX
411,SE7 8NJ
412,E14 8NJ
413,E1 5NP
417,E1 4LS
418,E1 4LJ
419,E3 2AD
420,E1 0SG
421,E2 9LU
422,E3 2DP
423,E1 0QE
424,E2 7RH
425,E14 3NE
426,E14 6DN
428,E14 8SL
429,E3 4LY
431,E3 5TG
433,E14 7UN
434,E2 7EG
436,CR8 5EN
437,E1 4NT
438,E14 9YQ
439,E15 4BQ
441,E2 6EX
442,E14 7BW
443,E14 9BJ
445,E1W 3DR
447,E2 9PL
448,E14 0BB
449,E14 8SJ
450,E6 6ER
451,E14 9FW
452,E3 3LL
453,E14 8LH
455,E3 5GP
456,E3 4QJ
457,E1 3NL
459,E1 4FG
461,EX1 1QT
463,E14 7FF
464,E3 3PX
467,E2 6JL
468,E1 4UT
469,E11 3BS
471,E15 3EU
473,E1 2LX
474,E14 6BZ
475,E2 7AE
476,E1 8JX
477,E1 4TP
478,E14 4AS
479,E1 5LP
480,E2 6AH
482,E14 7PX
485,E7 9EP
487,E1 4GL
488,E11 2NN
489,E2 9PF
490,E2 9DA
492,EC1V 2NX
493,E3 4PY
494,E1 6PU
495,E14 0NU
496,SE18 6BB
497,E14 0HF
498,EN15 3NF
499,E14 9RE
500,E1 1EJ
501,E14 6FT
502,E17 4RT
504,E11 4PA
505,E2 7AE
508,SW1H 9EA
510,EC3N 4AB
511,E14 0PF
512,E13 0HA
513,W2 5ES
514,ME13 0RJ
515,E2 9DL
516,E3 5ED
518,E2 6LX
519,E2 9AX
521,E14 3NE
522,E3 5da
523,E1 3ED
524,E14 7HP
527,E1W 3RL
528,E14 3BA
530,E1 0BQ
532,E1 3JX
534,E16 4JT
536,E1 1HL
538,E1 5BW
539,EC3N 4AB
540,EC1V 2NX
541,E14 8PJ
542,E1 5RX
543,E3 2QD
544,E1 5EH
545,E1 6LA
546,E3 5QY
548,E3 5HZ
549,E1 6QE
550,E3 2AR
551,E14 6QD
552,E14 7FW
553,E14 3NE
554,E3 4YD
555,E17 6QQ
556,EC4N 1TX
557,E14 8LH
558,E1 3JF
559,E3 4AJ
560,E2 7AE
562,EC1V 2NX
563,SE4 2SF
564,EC4A 4AB
566,E5 9NA
567,E14 6NF
568,E6 5NG
569,CM21 9ES
570,E15 4EH
571,E14 7UD
573,E2 9JY
577,E3 4TU
579,IG6 2UE
580,E14 9YQ
581,E2 7RG
582,E3 4AS
583,E11 1PZ
585,E14 3JH
589,SE10 9JY
590,E14 3LW
591,E1 5DD
592,E1 7AJ
593,EC4R 2SU
595,E17 6BH
596,E14 9QH
598,SE21 7JB
600,E15 1QF
601,E1 8DE
602,E14 8DQ
603,E20 1GW
604,E3 5DN
605,E3 4TL
606,E14 7LW
607,E3 2BN
608,E15 2RG
609,E2 0HW
610,E1 1JX
611,E2 7DJ
612,E14 3EB
613,E1 5JQ
614,E6 1AD
615,E13 8SD
616,SE1 7TP
619,E14 7DW
620,E1 6QR
621,IG7 6EN
622,PE5 7AX
623,SE4 1LE
624,E12 5RT
625,E1 3BS
626,E14 0QE
627,EC1V 2NX
628,E14 6DA
629,E1 8DJ
631,E3 5ES
632,E3 3QH
633,N16 9EX
634,E1 2PS
635,E2 6EF
636,E3 3BT
637,E1 5JL
638,E5 9DG
639,E1 8NB
640,E3 4PZ
641,E1W 2RW
642,E14 2BA
643,E14 3JF
644,E3 4QN
645,EC2A 4NE
647,E1 2HX
